{
  "model": "BART-Base",
  "zero_shot": {
    "rouge1": {
      "precision": 0.20874772135152114,
      "recall": 0.620037392041856,
      "f1": 0.30741451173498263
    },
    "rouge2": {
      "precision": 0.08529261882688013,
      "recall": 0.2632432069424972,
      "f1": 0.12658145082632183
    },
    "rougeL": {
      "precision": 0.1404936968656018,
      "recall": 0.42253222676183294,
      "f1": 0.20759259125989987
    },
    "bertscore": {
      "precision": 0.8464106321334839,
      "recall": 0.8873850703239441,
      "f1": 0.8663761019706726
    }
  },
  "few_shot": {
    "rouge1": {
      "precision": 0.08316831683168317,
      "recall": 0.22851163550331957,
      "f1": 0.11990969968115048
    },
    "rouge2": {
      "precision": 0.009,
      "recall": 0.023183313122174996,
      "f1": 0.01277936243076817
    },
    "rougeL": {
      "precision": 0.06534653465346536,
      "recall": 0.1857887296408788,
      "f1": 0.09492511253450639
    },
    "bertscore": {
      "precision": 0.7934611439704895,
      "recall": 0.8140667080879211,
      "f1": 0.8036127090454102
    }
  },
  "fine_tuned": {
    "rouge1": {
      "f1": 0.33058291737048323
    },
    "rouge2": {
      "f1": 0.12390179714787315
    },
    "rougeL": {
      "f1": 0.23064414332865155
    },
    "bertscore": {
      "precision": 0.8679618835449219,
      "recall": 0.8834736347198486,
      "f1": 0.8755403161048889
    }
  },
  "lora_fine_tuned": {
    "rouge1": {
      "f1": 0.3113127657384961
    },
    "rouge2": {
      "f1": 0.13124924192932375
    },
    "rougeL": {
      "f1": 0.19968678664327938
    },
    "bertscore": {
      "precision": 0.8457168340682983,
      "recall": 0.8878487348556519,
      "f1": 0.8662320375442505
    }
  }
}
