{
  "model": "FLAN-T5-Small",
  "zero_shot": {
    "rouge1": {
      "f1": 0.29555160706390854
    },
    "rouge2": {
      "f1": 0.11798354330368425
    },
    "rougeL": {
      "f1": 0.24055417961841913
    },
    "bertscore": {
      "precision": 0.8781954050064087,
      "recall": 0.8592444658279419,
      "f1": 0.8685442805290222
    }
  },
  "few_shot": {
    "rouge1": {
      "f1": 0.3228587512150138
    },
    "rouge2": {
      "f1": 0.12787156474338693
    },
    "rougeL": {
      "f1": 0.26621045265857635
    },
    "bertscore": {
      "precision": 0.887690544128418,
      "recall": 0.8662675619125366,
      "f1": 0.8767894506454468
    }
  },
  "fine_tuned": {
    "rouge1": {
      "f1": 0.2839270398414853
    },
    "rouge2": {
      "f1": 0.10472000616408274
    },
    "rougeL": {
      "f1": 0.21045390390990476
    },
    "bertscore": {
      "precision": 0.8545110821723938,
      "recall": 0.8669796586036682,
      "f1": 0.860598623752594
    }
  },
  "lora_fine_tuned": {
    "rouge1": {
      "f1": 0.2616012618565623
    },
    "rouge2": {
      "f1": 0.10031336765253389
    },
    "rougeL": {
      "f1": 0.20333767090444033
    },
    "bertscore": {
      "precision": 0.8691737055778503,
      "recall": 0.8463449478149414,
      "f1": 0.8575825691223145
    }
  }
}
