{
  "model": "FLAN-T5-Base",
  "zero_shot": {
    "rouge1": {
      "f1": 0.32504652398970296
    },
    "rouge2": {
      "f1": 0.13829923433039357
    },
    "rougeL": {
      "f1": 0.24898921840528607
    },
    "bertscore": {
      "precision": 0.8817199468612671,
      "recall": 0.8624206781387329,
      "f1": 0.8719387054443359
    }
  },
  "few_shot": {
    "rouge1": {
      "f1": 0.27626319629513074
    },
    "rouge2": {
      "f1": 0.10690527984124629
    },
    "rougeL": {
      "f1": 0.20366161325329096
    },
    "bertscore": {
      "precision": 0.872004508972168,
      "recall": 0.848450779914856,
      "f1": 0.8600193858146667
    }
  },
  "fine_tuned": {
    "rouge1": {
      "f1": 0.2839270398414853
    },
    "rouge2": {
      "f1": 0.10472000616408274
    },
    "rougeL": {
      "f1": 0.21045390390990476
    },
    "bertscore": {
      "precision": 0.8545110821723938,
      "recall": 0.8669796586036682,
      "f1": 0.860598623752594
    }
  },
  "lora_fine_tuned": {
    "rouge1": {
      "f1": 0.2974565270687452
    },
    "rouge2": {
      "f1": 0.09312158755786941
    },
    "rougeL": {
      "f1": 0.23267842264464803
    },
    "bertscore": {
      "precision": 0.8721711039543152,
      "recall": 0.8555184602737427,
      "f1": 0.8637491464614868
    }
  }
}
